sha256,apkname,appid,appname
ad0cc499cbe60f3cea95e38e60516fa87296a7ef7925dd70ff18aaaa04a35217,com.fsp.android.c-13.8.1.apk,com.fsp.android.c,GPS Tracking 13.8.1
8b1c1655c3144a986f74c440ae4516c199fc8aa0d17d7e380cac5308ac3789e8,Real Time GPS Tracker 2_v0.9.54.apk,com.greenalp.realtimetracker2,Real-Time GPS Tracker 2
6099e29812da4c550d0aba2af349001483f3877feff8f2b8648eb17af710c8d1,Mobile Tracker for Android_v5.9.5.apk,com.nav.mobile.tracker,Mobile Tracker for Android
a4f3c566fa764ba3137e4a126f6b02c39be7ad468a51bf1202907d8ca353ff75,com.life360.android.safetymapd_19.1.42.apk,com.life360.android.safetymapd,Life360
0607bdcc7ea25b299bed86ed3e3396b3047ff7519c3e6f63bde4e20a4912a586,Live Mobile Number Tracker_v1.92.apk,com.zinn.currentmobiletrackerlocation,Live Mobile Number Tracker
,,com.fibercode.familytracker,Family Tracker 5.2.1
631d19e56946106417d5177cb7313339c8e0c9bd0e467525837e8eb2d6b397d2,SeTracker_v4.4.6.apk,org.zywx.wbpalmstar.widgetone.uexaaagg10003,SeTracker v4.4.6
304ca3c09ef60ae354cd5ce15c1864c4f8c847a751e7ce079735b7b86120e11d,com.mc838_387.mc838_387_2019-04-14.apk,com.mc838_387.mc838_387,Family / Employee Monitor (Enterprise Tracking)
3be607123f6b9683fac58e7835f05b80087fd7fe91a07198b9664fcc87ff6924,GPS Phone Tracker_v18.5.0.apk,com.fsp.android.c,GPS Phone Tracker
ac6ff363dc75413ea20094861b0f5e95c2bbd1d0a90127dee87aa1a4637c6357,Tracker Spy_v1.1.0.apk,com.appswiz.trackerspyhfjcj,Tracker Spy
1e74232b2a04ea1efd82c5df62b0ad96feeb62df5bb4c9940513719902b18770,WW Phone Tracker Parent App_v1.2.4.apk,com.atiw.wc,WW Phone Tracker Parent App
f874e84fd8d7de57a83babacb34a383d67402a6ea017cdc3c8ea8fc62025d61c,Spy Mobile FFTS_v6.03.apk,com.workscan.fftsspy,Spy Mobile FFTS_v6
5f486576baf3c7c648a84229fe3834f1a0d2361f199f45fe60e6e40adf2697a5,X GPS Monitor_v2.7.3.apk,com.navixy.xgps.client.app,X-GPS Monitor
5bf49e6d9479fdb7618d988d5a155ac0e30dbb1a2ab9f928b26e74e1d341d6a7,Find My Device Family Locator TrackView_v3.5.06-fmp.apk,net.cybrook.trackview,Find My Device Family Locator TrackView
268a2a47ac3004ee18b09c36b445e378c98660ad5b68f672e8f5a9c1f2bd05bb,Find My Friends Family Kids GPS Tracker_v8.7.2.5.apk,com.isharing.isharing,Find My Friends, Family, Kids - GPS Tracker
9adb643168da7676e951363c7977a0733ccfd005c910897f2d71da6c4654d5c7,com.zoemob.gpstracking_2019-06-04.apk,com.zoemob.gpstracking,Family Locator - GPS Tracker
9851b9c1a8425a761507a7f41d25354adc491e5073b19595c2eb9a85292fd143,com.fameelee.app_2019-02-11.apk,com.fameelee.app,Family Locator by Fameelee